Navn	Kode	QR-link	Spørgeskemaet med navnet i
Anna	anna	https://www.mibelibsen.space/u/anna	https://docs.google.com/forms/d/e/1FAIpQLSeil7H53IR4oMVBeeW_beW7SPovIeN3qLaz5UJNLJfwxSbwyg/viewform?usp=pp_url&entry.2113885872=Anna
Kasper	kasper	https://www.mibelibsen.space/u/kasper	https://docs.google.com/forms/d/e/1FAIpQLSeil7H53IR4oMVBeeW_beW7SPovIeN3qLaz5UJNLJfwxSbwyg/viewform?usp=pp_url&entry.2113885872=Kasper
Asta	asta	https://www.mibelibsen.space/u/asta	https://docs.google.com/forms/d/e/1FAIpQLSeil7H53IR4oMVBeeW_beW7SPovIeN3qLaz5UJNLJfwxSbwyg/viewform?usp=pp_url&entry.2113885872=Asta
Luna	luna	https://www.mibelibsen.space/u/luna	https://docs.google.com/forms/d/e/1FAIpQLSeil7H53IR4oMVBeeW_beW7SPovIeN3qLaz5UJNLJfwxSbwyg/viewform?usp=pp_url&entry.2113885872=Luna
Caroline	caroline	https://www.mibelibsen.space/u/caroline	https://docs.google.com/forms/d/e/1FAIpQLSeil7H53IR4oMVBeeW_beW7SPovIeN3qLaz5UJNLJfwxSbwyg/viewform?usp=pp_url&entry.2113885872=Caroline
Milius	milius	https://www.mibelibsen.space/u/milius	https://docs.google.com/forms/d/e/1FAIpQLSeil7H53IR4oMVBeeW_beW7SPovIeN3qLaz5UJNLJfwxSbwyg/viewform?usp=pp_url&entry.2113885872=Milius
Clara	clara	https://www.mibelibsen.space/u/clara	https://docs.google.com/forms/d/e/1FAIpQLSeil7H53IR4oMVBeeW_beW7SPovIeN3qLaz5UJNLJfwxSbwyg/viewform?usp=pp_url&entry.2113885872=Clara
Nor	nor	https://www.mibelibsen.space/u/nor	https://docs.google.com/forms/d/e/1FAIpQLSeil7H53IR4oMVBeeW_beW7SPovIeN3qLaz5UJNLJfwxSbwyg/viewform?usp=pp_url&entry.2113885872=Nor
Emilie	emilie	https://www.mibelibsen.space/u/emilie	https://docs.google.com/forms/d/e/1FAIpQLSeil7H53IR4oMVBeeW_beW7SPovIeN3qLaz5UJNLJfwxSbwyg/viewform?usp=pp_url&entry.2113885872=Emilie
Oskar	oskar	https://www.mibelibsen.space/u/oskar	https://docs.google.com/forms/d/e/1FAIpQLSeil7H53IR4oMVBeeW_beW7SPovIeN3qLaz5UJNLJfwxSbwyg/viewform?usp=pp_url&entry.2113885872=Oskar
Emily	emily	https://www.mibelibsen.space/u/emily	https://docs.google.com/forms/d/e/1FAIpQLSeil7H53IR4oMVBeeW_beW7SPovIeN3qLaz5UJNLJfwxSbwyg/viewform?usp=pp_url&entry.2113885872=Emily
Ronja	ronja	https://www.mibelibsen.space/u/ronja	https://docs.google.com/forms/d/e/1FAIpQLSeil7H53IR4oMVBeeW_beW7SPovIeN3qLaz5UJNLJfwxSbwyg/viewform?usp=pp_url&entry.2113885872=Ronja
Flora	flora	https://www.mibelibsen.space/u/flora	https://docs.google.com/forms/d/e/1FAIpQLSeil7H53IR4oMVBeeW_beW7SPovIeN3qLaz5UJNLJfwxSbwyg/viewform?usp=pp_url&entry.2113885872=Flora
Savanna	savanna	https://www.mibelibsen.space/u/savanna	https://docs.google.com/forms/d/e/1FAIpQLSeil7H53IR4oMVBeeW_beW7SPovIeN3qLaz5UJNLJfwxSbwyg/viewform?usp=pp_url&entry.2113885872=Savanna
Frida	frida	https://www.mibelibsen.space/u/frida	https://docs.google.com/forms/d/e/1FAIpQLSeil7H53IR4oMVBeeW_beW7SPovIeN3qLaz5UJNLJfwxSbwyg/viewform?usp=pp_url&entry.2113885872=Frida
Silke	silke	https://www.mibelibsen.space/u/silke	https://docs.google.com/forms/d/e/1FAIpQLSeil7H53IR4oMVBeeW_beW7SPovIeN3qLaz5UJNLJfwxSbwyg/viewform?usp=pp_url&entry.2113885872=Silke
Helene	helene	https://www.mibelibsen.space/u/helene	https://docs.google.com/forms/d/e/1FAIpQLSeil7H53IR4oMVBeeW_beW7SPovIeN3qLaz5UJNLJfwxSbwyg/viewform?usp=pp_url&entry.2113885872=Helene
Simone	simone	https://www.mibelibsen.space/u/simone	https://docs.google.com/forms/d/e/1FAIpQLSeil7H53IR4oMVBeeW_beW7SPovIeN3qLaz5UJNLJfwxSbwyg/viewform?usp=pp_url&entry.2113885872=Simone
Hjalte	hjalte	https://www.mibelibsen.space/u/hjalte	https://docs.google.com/forms/d/e/1FAIpQLSeil7H53IR4oMVBeeW_beW7SPovIeN3qLaz5UJNLJfwxSbwyg/viewform?usp=pp_url&entry.2113885872=Hjalte
Viktor	viktor	https://www.mibelibsen.space/u/viktor	https://docs.google.com/forms/d/e/1FAIpQLSeil7H53IR4oMVBeeW_beW7SPovIeN3qLaz5UJNLJfwxSbwyg/viewform?usp=pp_url&entry.2113885872=Viktor
Johan	johan	https://www.mibelibsen.space/u/johan	https://docs.google.com/forms/d/e/1FAIpQLSeil7H53IR4oMVBeeW_beW7SPovIeN3qLaz5UJNLJfwxSbwyg/viewform?usp=pp_url&entry.2113885872=Johan
William	william	https://www.mibelibsen.space/u/william	https://docs.google.com/forms/d/e/1FAIpQLSeil7H53IR4oMVBeeW_beW7SPovIeN3qLaz5UJNLJfwxSbwyg/viewform?usp=pp_url&entry.2113885872=William
Jonas	jonas	https://www.mibelibsen.space/u/jonas	https://docs.google.com/forms/d/e/1FAIpQLSeil7H53IR4oMVBeeW_beW7SPovIeN3qLaz5UJNLJfwxSbwyg/viewform?usp=pp_url&entry.2113885872=Jonas
